{
    "texts": [
        {
            "height": 12,
            "row_max": 23,
            "content": "FAK",
            "id": 0,
            "width": 31,
            "column_max": 373,
            "row_min": 11,
            "column_min": 342
        },
        {
            "height": 41,
            "row_max": 51,
            "content": "fo",
            "id": 1,
            "width": 96,
            "column_max": 188,
            "row_min": 10,
            "column_min": 92
        },
        {
            "height": 31,
            "row_max": 47,
            "content": "3:17",
            "id": 2,
            "width": 68,
            "column_max": 1055,
            "row_min": 16,
            "column_min": 987
        },
        {
            "height": 33,
            "row_max": 143,
            "content": "stuff",
            "id": 3,
            "width": 77,
            "column_max": 249,
            "row_min": 110,
            "column_min": 172
        },
        {
            "height": 45,
            "row_max": 151,
            "content": "X X Cancel",
            "id": 4,
            "width": 225,
            "column_max": 1049,
            "row_min": 106,
            "column_min": 824
        },
        {
            "height": 36,
            "row_max": 275,
            "content": "Stuff You Should Know",
            "id": 5,
            "width": 387,
            "column_max": 613,
            "row_min": 239,
            "column_min": 226
        },
        {
            "height": 18,
            "row_max": 272,
            "content": "STUFF",
            "id": 6,
            "width": 54,
            "column_max": 119,
            "row_min": 254,
            "column_min": 65
        },
        {
            "height": 17,
            "row_max": 291,
            "content": "YOU SHOULD",
            "id": 7,
            "width": 127,
            "column_max": 193,
            "row_min": 274,
            "column_min": 66
        },
        {
            "height": 18,
            "row_max": 311,
            "content": "KNOW",
            "id": 8,
            "width": 65,
            "column_max": 132,
            "row_min": 293,
            "column_min": 67
        },
        {
            "height": 30,
            "row_max": 336,
            "content": "+ 26.7k",
            "id": 9,
            "width": 77,
            "column_max": 327,
            "row_min": 306,
            "column_min": 250
        },
        {
            "height": 29,
            "row_max": 335,
            "content": "665.Ok",
            "id": 10,
            "width": 71,
            "column_max": 483,
            "row_min": 306,
            "column_min": 412
        },
        {
            "height": 16,
            "row_max": 343,
            "content": "PODCAST",
            "id": 11,
            "width": 80,
            "column_max": 146,
            "row_min": 327,
            "column_min": 66
        },
        {
            "height": 47,
            "row_max": 470,
            "content": "Stuff You Missed in History Class",
            "id": 12,
            "width": 550,
            "column_max": 776,
            "row_min": 423,
            "column_min": 226
        },
        {
            "height": 18,
            "row_max": 482,
            "content": "STUFF",
            "id": 13,
            "width": 32,
            "column_max": 186,
            "row_min": 464,
            "column_min": 154
        },
        {
            "height": 31,
            "row_max": 522,
            "content": "& + 13.7k",
            "id": 14,
            "width": 101,
            "column_max": 328,
            "row_min": 491,
            "column_min": 227
        },
        {
            "height": 29,
            "row_max": 520,
            "content": "274.Ok",
            "id": 15,
            "width": 71,
            "column_max": 483,
            "row_min": 491,
            "column_min": 412
        },
        {
            "height": 12,
            "row_max": 520,
            "content": "YOU MISSED IN",
            "id": 16,
            "width": 79,
            "column_max": 141,
            "row_min": 508,
            "column_min": 62
        },
        {
            "height": 20,
            "row_max": 539,
            "content": "HISTORY CLASS",
            "id": 17,
            "width": 143,
            "column_max": 204,
            "row_min": 519,
            "column_min": 61
        },
        {
            "height": 43,
            "row_max": 654,
            "content": "BLOW stuff YOUR to",
            "id": 18,
            "width": 79,
            "column_max": 198,
            "row_min": 611,
            "column_min": 119
        },
        {
            "height": 35,
            "row_max": 646,
            "content": "Stuff To Blow Your Mind",
            "id": 19,
            "width": 408,
            "column_max": 634,
            "row_min": 611,
            "column_min": 226
        },
        {
            "height": 32,
            "row_max": 686,
            "content": "MIND",
            "id": 20,
            "width": 98,
            "column_max": 196,
            "row_min": 654,
            "column_min": 98
        },
        {
            "height": 30,
            "row_max": 706,
            "content": "+ 12.7k",
            "id": 21,
            "width": 75,
            "column_max": 327,
            "row_min": 676,
            "column_min": 252
        },
        {
            "height": 29,
            "row_max": 707,
            "content": "190.4k",
            "id": 22,
            "width": 70,
            "column_max": 483,
            "row_min": 678,
            "column_min": 413
        },
        {
            "height": 68,
            "row_max": 869,
            "content": "AUDIO STUFF DON THEY WANT KNOW YOU TO",
            "id": 23,
            "width": 94,
            "column_max": 187,
            "row_min": 801,
            "column_min": 93
        },
        {
            "height": 44,
            "row_max": 838,
            "content": "Stuff They Don't Want You To Know Audio",
            "id": 24,
            "width": 711,
            "column_max": 937,
            "row_min": 794,
            "column_min": 226
        },
        {
            "height": 29,
            "row_max": 891,
            "content": "+ 3.4k",
            "id": 25,
            "width": 63,
            "column_max": 313,
            "row_min": 862,
            "column_min": 250
        },
        {
            "height": 29,
            "row_max": 892,
            "content": "72.2k",
            "id": 26,
            "width": 58,
            "column_max": 456,
            "row_min": 863,
            "column_min": 398
        },
        {
            "height": 13,
            "row_max": 1003,
            "content": "stuff mom",
            "id": 27,
            "width": 75,
            "column_max": 157,
            "row_min": 990,
            "column_min": 82
        },
        {
            "height": 55,
            "row_max": 1056,
            "content": "never told you",
            "id": 28,
            "width": 133,
            "column_max": 198,
            "row_min": 1001,
            "column_min": 65
        },
        {
            "height": 38,
            "row_max": 1019,
            "content": "Stuff Mom Never Told You",
            "id": 29,
            "width": 445,
            "column_max": 671,
            "row_min": 981,
            "column_min": 226
        },
        {
            "height": 18,
            "row_max": 1072,
            "content": "audio",
            "id": 30,
            "width": 44,
            "column_max": 191,
            "row_min": 1054,
            "column_min": 147
        },
        {
            "height": 29,
            "row_max": 1076,
            "content": "2+ 2.Ok",
            "id": 31,
            "width": 88,
            "column_max": 313,
            "row_min": 1047,
            "column_min": 225
        },
        {
            "height": 28,
            "row_max": 1076,
            "content": "48.5k",
            "id": 32,
            "width": 58,
            "column_max": 456,
            "row_min": 1048,
            "column_min": 398
        },
        {
            "height": 44,
            "row_max": 1182,
            "content": "PURPLE PODCAST STUFF",
            "id": 33,
            "width": 137,
            "column_max": 204,
            "row_min": 1138,
            "column_min": 67
        },
        {
            "height": 42,
            "row_max": 1206,
            "content": "The Purple Stuff Podcast",
            "id": 34,
            "width": 418,
            "column_max": 641,
            "row_min": 1164,
            "column_min": 223
        },
        {
            "height": 31,
            "row_max": 1263,
            "content": "+ 949",
            "id": 35,
            "width": 56,
            "column_max": 308,
            "row_min": 1232,
            "column_min": 252
        },
        {
            "height": 28,
            "row_max": 1261,
            "content": "625.3k",
            "id": 36,
            "width": 70,
            "column_max": 463,
            "row_min": 1233,
            "column_min": 393
        },
        {
            "height": 154,
            "row_max": 1470,
            "content": "CATHO . YOU SHOULO KNOW STUFF .",
            "id": 37,
            "width": 159,
            "column_max": 206,
            "row_min": 1316,
            "column_min": 47
        },
        {
            "height": 33,
            "row_max": 1385,
            "content": "Catholic Stuff You Should Know",
            "id": 38,
            "width": 533,
            "column_max": 759,
            "row_min": 1352,
            "column_min": 226
        },
        {
            "height": 28,
            "row_max": 1446,
            "content": "2+ 683",
            "id": 39,
            "width": 81,
            "column_max": 308,
            "row_min": 1418,
            "column_min": 227
        },
        {
            "height": 28,
            "row_max": 1446,
            "content": "8.8k",
            "id": 40,
            "width": 43,
            "column_max": 436,
            "row_min": 1418,
            "column_min": 393
        },
        {
            "height": 14,
            "row_max": 1550,
            "content": "STUFE",
            "id": 41,
            "width": 42,
            "column_max": 152,
            "row_min": 1536,
            "column_min": 110
        },
        {
            "height": 45,
            "row_max": 1593,
            "content": "THEY DONT WANT YOU TO KNOW",
            "id": 42,
            "width": 75,
            "column_max": 166,
            "row_min": 1548,
            "column_min": 91
        },
        {
            "height": 45,
            "row_max": 1579,
            "content": "Stuff They Don't Want You To Know",
            "id": 43,
            "width": 604,
            "column_max": 830,
            "row_min": 1534,
            "column_min": 226
        },
        {
            "height": 29,
            "row_max": 1631,
            "content": "+ 1.1k",
            "id": 44,
            "width": 63,
            "column_max": 314,
            "row_min": 1602,
            "column_min": 251
        },
        {
            "height": 28,
            "row_max": 1631,
            "content": "5.4k",
            "id": 45,
            "width": 43,
            "column_max": 442,
            "row_min": 1603,
            "column_min": 399
        },
        {
            "height": 22,
            "row_max": 1660,
            "content": "howstuffworks.com",
            "id": 46,
            "width": 143,
            "column_max": 204,
            "row_min": 1638,
            "column_min": 61
        },
        {
            "height": 16,
            "row_max": 1724,
            "content": "THE",
            "id": 47,
            "width": 38,
            "column_max": 152,
            "row_min": 1708,
            "column_min": 114
        }
    ],
    "img_shape": [
        1920,
        1080,
        3
    ]
}