{
    "compos": [
        {
            "height": 21,
            "width": 29,
            "position": {
                "column_min": 20,
                "row_max": 44,
                "column_max": 49,
                "row_min": 23
            },
            "class": "Compo",
            "id": 0
        },
        {
            "height": 23,
            "width": 24,
            "position": {
                "column_min": 398,
                "row_max": 45,
                "column_max": 422,
                "row_min": 22
            },
            "class": "Compo",
            "id": 1
        },
        {
            "height": 22,
            "width": 35,
            "position": {
                "column_min": 452,
                "row_max": 45,
                "column_max": 487,
                "row_min": 23
            },
            "class": "Compo",
            "id": 2
        },
        {
            "height": 8,
            "width": 14,
            "position": {
                "column_min": 346,
                "row_max": 38,
                "column_max": 360,
                "row_min": 30
            },
            "class": "Compo",
            "id": 3
        },
        {
            "height": 215,
            "width": 498,
            "position": {
                "column_min": 0,
                "row_max": 282,
                "column_max": 498,
                "row_min": 67
            },
            "class": "Compo",
            "id": 4
        },
        {
            "height": 101,
            "width": 100,
            "position": {
                "column_min": 17,
                "row_max": 407,
                "column_max": 117,
                "row_min": 306
            },
            "class": "Compo",
            "id": 5
        },
        {
            "height": 21,
            "width": 3,
            "position": {
                "column_min": 273,
                "row_max": 385,
                "column_max": 276,
                "row_min": 364
            },
            "class": "Compo",
            "id": 6
        },
        {
            "height": 14,
            "width": 10,
            "position": {
                "column_min": 281,
                "row_max": 380,
                "column_max": 291,
                "row_min": 366
            },
            "class": "Compo",
            "id": 7
        },
        {
            "height": 103,
            "width": 101,
            "position": {
                "column_min": 16,
                "row_max": 547,
                "column_max": 117,
                "row_min": 444
            },
            "class": "Compo",
            "id": 8
        },
        {
            "height": 17,
            "width": 4,
            "position": {
                "column_min": 236,
                "row_max": 545,
                "column_max": 240,
                "row_min": 528
            },
            "class": "Compo",
            "id": 9
        },
        {
            "height": 19,
            "width": 10,
            "position": {
                "column_min": 244,
                "row_max": 545,
                "column_max": 254,
                "row_min": 526
            },
            "class": "Compo",
            "id": 10
        },
        {
            "height": 100,
            "width": 101,
            "position": {
                "column_min": 16,
                "row_max": 681,
                "column_max": 117,
                "row_min": 581
            },
            "class": "Compo",
            "id": 11
        },
        {
            "height": 18,
            "width": 9,
            "position": {
                "column_min": 244,
                "row_max": 657,
                "column_max": 253,
                "row_min": 639
            },
            "class": "Compo",
            "id": 12
        },
        {
            "height": 16,
            "width": 4,
            "position": {
                "column_min": 235,
                "row_max": 657,
                "column_max": 239,
                "row_min": 641
            },
            "class": "Compo",
            "id": 13
        },
        {
            "height": 80,
            "width": 99,
            "position": {
                "column_min": 17,
                "row_max": 799,
                "column_max": 116,
                "row_min": 719
            },
            "class": "Compo",
            "id": 14
        },
        {
            "position": {
                "column_min": 96,
                "row_max": 45,
                "column_max": 124,
                "row_min": 24
            },
            "class": "Text",
            "text_content": "ALL",
            "id": 15,
            "width": 28,
            "height": 21
        },
        {
            "position": {
                "column_min": 137,
                "row_max": 329,
                "column_max": 415,
                "row_min": 304
            },
            "class": "Text",
            "text_content": "Microsoft thinks people want",
            "id": 16,
            "width": 278,
            "height": 25
        },
        {
            "position": {
                "column_min": 135,
                "row_max": 357,
                "column_max": 373,
                "row_min": 328
            },
            "class": "Text",
            "text_content": "ultra portable headaches",
            "id": 17,
            "width": 238,
            "height": 29
        },
        {
            "position": {
                "column_min": 137,
                "row_max": 382,
                "column_max": 270,
                "row_min": 363
            },
            "class": "Text",
            "text_content": "Jerry Hildenbrand",
            "id": 18,
            "width": 133,
            "height": 19
        },
        {
            "position": {
                "column_min": 297,
                "row_max": 382,
                "column_max": 435,
                "row_min": 363
            },
            "class": "Text",
            "text_content": "COMMENTS 57m",
            "id": 19,
            "width": 138,
            "height": 19
        },
        {
            "position": {
                "column_min": 137,
                "row_max": 470,
                "column_max": 383,
                "row_min": 443
            },
            "class": "Text",
            "text_content": "My Disney Experience is a",
            "id": 20,
            "width": 246,
            "height": 27
        },
        {
            "position": {
                "column_min": 136,
                "row_max": 493,
                "column_max": 415,
                "row_min": 469
            },
            "class": "Text",
            "text_content": "whole new experience in new",
            "id": 21,
            "width": 279,
            "height": 24
        },
        {
            "position": {
                "column_min": 136,
                "row_max": 518,
                "column_max": 201,
                "row_min": 494
            },
            "class": "Text",
            "text_content": "update",
            "id": 22,
            "width": 65,
            "height": 24
        },
        {
            "position": {
                "column_min": 136,
                "row_max": 547,
                "column_max": 231,
                "row_min": 525
            },
            "class": "Text",
            "text_content": "Ara Wagoner",
            "id": 23,
            "width": 95,
            "height": 22
        },
        {
            "position": {
                "column_min": 259,
                "row_max": 547,
                "column_max": 383,
                "row_min": 525
            },
            "class": "Text",
            "text_content": "COMMENTS 3h",
            "id": 24,
            "width": 124,
            "height": 22
        },
        {
            "position": {
                "column_min": 136,
                "row_max": 605,
                "column_max": 218,
                "row_min": 578
            },
            "class": "Text",
            "text_content": "The best",
            "id": 25,
            "width": 82,
            "height": 27
        },
        {
            "position": {
                "column_min": 226,
                "row_max": 630,
                "column_max": 322,
                "row_min": 579
            },
            "class": "Text",
            "text_content": "games VR for Gear",
            "id": 26,
            "width": 96,
            "height": 51
        },
        {
            "position": {
                "column_min": 329,
                "row_max": 607,
                "column_max": 370,
                "row_min": 580
            },
            "class": "Text",
            "text_content": "your",
            "id": 27,
            "width": 41,
            "height": 27
        },
        {
            "position": {
                "column_min": 135,
                "row_max": 632,
                "column_max": 224,
                "row_min": 605
            },
            "class": "Text",
            "text_content": "Samsung",
            "id": 28,
            "width": 89,
            "height": 27
        },
        {
            "position": {
                "column_min": 136,
                "row_max": 660,
                "column_max": 230,
                "row_min": 637
            },
            "class": "Text",
            "text_content": "Russell Holly",
            "id": 29,
            "width": 94,
            "height": 23
        },
        {
            "position": {
                "column_min": 259,
                "row_max": 660,
                "column_max": 382,
                "row_min": 637
            },
            "class": "Text",
            "text_content": "COMMENTS 4h",
            "id": 30,
            "width": 123,
            "height": 23
        },
        {
            "position": {
                "column_min": 137,
                "row_max": 742,
                "column_max": 421,
                "row_min": 717
            },
            "class": "Text",
            "text_content": "Here's how to get a little more",
            "id": 31,
            "width": 284,
            "height": 25
        },
        {
            "position": {
                "column_min": 136,
                "row_max": 768,
                "column_max": 395,
                "row_min": 743
            },
            "class": "Text",
            "text_content": "Android Central in your life !",
            "id": 32,
            "width": 259,
            "height": 25
        },
        {
            "position": {
                "column_min": 136,
                "row_max": 796,
                "column_max": 379,
                "row_min": 776
            },
            "class": "Text",
            "text_content": "Florence lon5 COMMENTS 5h",
            "id": 33,
            "width": 243,
            "height": 20
        }
    ],
    "img_shape": [
        800,
        499,
        3
    ]
}