{
    "compos": [
        {
            "height": 39,
            "class": "Compo",
            "width": 369,
            "id": 0,
            "position": {
                "row_max": 73,
                "column_max": 379,
                "column_min": 10,
                "row_min": 34
            }
        },
        {
            "height": 62,
            "class": "Compo",
            "width": 67,
            "id": 1,
            "position": {
                "row_max": 153,
                "column_max": 88,
                "column_min": 21,
                "row_min": 91
            }
        },
        {
            "height": 12,
            "class": "Compo",
            "width": 9,
            "id": 2,
            "position": {
                "row_max": 140,
                "column_max": 165,
                "column_min": 156,
                "row_min": 128
            }
        },
        {
            "height": 66,
            "class": "Compo",
            "width": 67,
            "id": 3,
            "position": {
                "row_max": 230,
                "column_max": 88,
                "column_min": 21,
                "row_min": 164
            }
        },
        {
            "height": 12,
            "class": "Compo",
            "width": 9,
            "id": 4,
            "position": {
                "row_max": 217,
                "column_max": 165,
                "column_min": 156,
                "row_min": 205
            }
        },
        {
            "height": 66,
            "class": "Compo",
            "width": 67,
            "id": 5,
            "position": {
                "row_max": 307,
                "column_max": 88,
                "column_min": 21,
                "row_min": 241
            }
        },
        {
            "height": 15,
            "class": "Compo",
            "width": 16,
            "id": 6,
            "position": {
                "row_max": 297,
                "column_max": 109,
                "column_min": 93,
                "row_min": 282
            }
        },
        {
            "height": 14,
            "class": "Compo",
            "width": 10,
            "id": 7,
            "position": {
                "row_max": 296,
                "column_max": 166,
                "column_min": 156,
                "row_min": 282
            }
        },
        {
            "height": 69,
            "class": "Compo",
            "width": 69,
            "id": 8,
            "position": {
                "row_max": 387,
                "column_max": 89,
                "column_min": 20,
                "row_min": 318
            }
        },
        {
            "height": 12,
            "class": "Compo",
            "width": 15,
            "id": 9,
            "position": {
                "row_max": 372,
                "column_max": 108,
                "column_min": 93,
                "row_min": 360
            }
        },
        {
            "height": 13,
            "class": "Compo",
            "width": 12,
            "id": 10,
            "position": {
                "row_max": 372,
                "column_max": 162,
                "column_min": 150,
                "row_min": 359
            }
        },
        {
            "height": 68,
            "class": "Compo",
            "width": 68,
            "id": 11,
            "position": {
                "row_max": 462,
                "column_max": 88,
                "column_min": 20,
                "row_min": 394
            }
        },
        {
            "height": 12,
            "class": "Compo",
            "width": 11,
            "id": 12,
            "position": {
                "row_max": 449,
                "column_max": 161,
                "column_min": 150,
                "row_min": 437
            }
        },
        {
            "height": 69,
            "class": "Compo",
            "width": 68,
            "id": 13,
            "position": {
                "row_max": 540,
                "column_max": 88,
                "column_min": 20,
                "row_min": 471
            }
        },
        {
            "height": 13,
            "class": "Compo",
            "width": 15,
            "id": 14,
            "position": {
                "row_max": 527,
                "column_max": 108,
                "column_min": 93,
                "row_min": 514
            }
        },
        {
            "height": 13,
            "class": "Compo",
            "width": 11,
            "id": 15,
            "position": {
                "row_max": 527,
                "column_max": 158,
                "column_min": 147,
                "row_min": 514
            }
        },
        {
            "height": 67,
            "class": "Compo",
            "width": 68,
            "id": 16,
            "position": {
                "row_max": 616,
                "column_max": 88,
                "column_min": 20,
                "row_min": 549
            }
        },
        {
            "height": 12,
            "class": "Compo",
            "width": 11,
            "id": 17,
            "position": {
                "row_max": 603,
                "column_max": 158,
                "column_min": 147,
                "row_min": 591
            }
        },
        {
            "height": 67,
            "class": "Compo",
            "width": 68,
            "id": 18,
            "position": {
                "row_max": 693,
                "column_max": 88,
                "column_min": 20,
                "row_min": 626
            }
        },
        {
            "height": 11,
            "class": "Compo",
            "width": 15,
            "id": 19,
            "position": {
                "row_max": 680,
                "column_max": 108,
                "column_min": 93,
                "row_min": 669
            }
        },
        {
            "height": 12,
            "class": "Compo",
            "width": 11,
            "id": 20,
            "position": {
                "row_max": 680,
                "column_max": 161,
                "column_min": 150,
                "row_min": 668
            }
        },
        {
            "height": 16,
            "class": "Compo",
            "width": 66,
            "id": 21,
            "position": {
                "row_max": 720,
                "column_max": 87,
                "column_min": 21,
                "row_min": 704
            }
        },
        {
            "height": 18,
            "text_content": "X X Cancel",
            "id": 22,
            "class": "Text",
            "width": 94,
            "position": {
                "row_max": 62,
                "column_max": 437,
                "column_min": 343,
                "row_min": 44
            }
        },
        {
            "height": 15,
            "text_content": "Stuff You Should Know",
            "id": 23,
            "class": "Text",
            "width": 161,
            "position": {
                "row_max": 114,
                "column_max": 255,
                "column_min": 94,
                "row_min": 99
            }
        },
        {
            "height": 13,
            "text_content": "+ 26.7k",
            "id": 24,
            "class": "Text",
            "width": 32,
            "position": {
                "row_max": 140,
                "column_max": 136,
                "column_min": 104,
                "row_min": 127
            }
        },
        {
            "height": 12,
            "text_content": "665.Ok",
            "id": 25,
            "class": "Text",
            "width": 30,
            "position": {
                "row_max": 139,
                "column_max": 201,
                "column_min": 171,
                "row_min": 127
            }
        },
        {
            "height": 19,
            "text_content": "Stuff You Missed in History Class",
            "id": 26,
            "class": "Text",
            "width": 229,
            "position": {
                "row_max": 195,
                "column_max": 323,
                "column_min": 94,
                "row_min": 176
            }
        },
        {
            "height": 13,
            "text_content": "& + 13.7k",
            "id": 27,
            "class": "Text",
            "width": 42,
            "position": {
                "row_max": 217,
                "column_max": 136,
                "column_min": 94,
                "row_min": 204
            }
        },
        {
            "height": 12,
            "text_content": "274.Ok",
            "id": 28,
            "class": "Text",
            "width": 30,
            "position": {
                "row_max": 216,
                "column_max": 201,
                "column_min": 171,
                "row_min": 204
            }
        },
        {
            "height": 15,
            "text_content": "Stuff To Blow Your Mind",
            "id": 29,
            "class": "Text",
            "width": 170,
            "position": {
                "row_max": 269,
                "column_max": 264,
                "column_min": 94,
                "row_min": 254
            }
        },
        {
            "height": 13,
            "text_content": "+ 12.7k",
            "id": 30,
            "class": "Text",
            "width": 31,
            "position": {
                "row_max": 294,
                "column_max": 136,
                "column_min": 105,
                "row_min": 281
            }
        },
        {
            "height": 12,
            "text_content": "190.4k",
            "id": 31,
            "class": "Text",
            "width": 29,
            "position": {
                "row_max": 294,
                "column_max": 201,
                "column_min": 172,
                "row_min": 282
            }
        },
        {
            "height": 19,
            "text_content": "Stuff They Don't Want You To Know Audio",
            "id": 32,
            "class": "Text",
            "width": 296,
            "position": {
                "row_max": 349,
                "column_max": 390,
                "column_min": 94,
                "row_min": 330
            }
        },
        {
            "height": 12,
            "text_content": "+ 3.4k",
            "id": 33,
            "class": "Text",
            "width": 26,
            "position": {
                "row_max": 371,
                "column_max": 130,
                "column_min": 104,
                "row_min": 359
            }
        },
        {
            "height": 12,
            "text_content": "72.2k",
            "id": 34,
            "class": "Text",
            "width": 25,
            "position": {
                "row_max": 371,
                "column_max": 190,
                "column_min": 165,
                "row_min": 359
            }
        },
        {
            "height": 16,
            "text_content": "Stuff Mom Never Told You",
            "id": 35,
            "class": "Text",
            "width": 185,
            "position": {
                "row_max": 424,
                "column_max": 279,
                "column_min": 94,
                "row_min": 408
            }
        },
        {
            "height": 12,
            "text_content": "2+ 2.Ok",
            "id": 36,
            "class": "Text",
            "width": 37,
            "position": {
                "row_max": 448,
                "column_max": 130,
                "column_min": 93,
                "row_min": 436
            }
        },
        {
            "height": 12,
            "text_content": "48.5k",
            "id": 37,
            "class": "Text",
            "width": 25,
            "position": {
                "row_max": 448,
                "column_max": 190,
                "column_min": 165,
                "row_min": 436
            }
        },
        {
            "height": 17,
            "text_content": "The Purple Stuff Podcast",
            "id": 38,
            "class": "Text",
            "width": 175,
            "position": {
                "row_max": 502,
                "column_max": 267,
                "column_min": 92,
                "row_min": 485
            }
        },
        {
            "height": 13,
            "text_content": "+ 949",
            "id": 39,
            "class": "Text",
            "width": 23,
            "position": {
                "row_max": 526,
                "column_max": 128,
                "column_min": 105,
                "row_min": 513
            }
        },
        {
            "height": 12,
            "text_content": "625.3k",
            "id": 40,
            "class": "Text",
            "width": 29,
            "position": {
                "row_max": 525,
                "column_max": 192,
                "column_min": 163,
                "row_min": 513
            }
        },
        {
            "height": 14,
            "text_content": "Catholic Stuff You Should Know",
            "id": 41,
            "class": "Text",
            "width": 222,
            "position": {
                "row_max": 577,
                "column_max": 316,
                "column_min": 94,
                "row_min": 563
            }
        },
        {
            "height": 12,
            "text_content": "2+ 683",
            "id": 42,
            "class": "Text",
            "width": 34,
            "position": {
                "row_max": 602,
                "column_max": 128,
                "column_min": 94,
                "row_min": 590
            }
        },
        {
            "height": 12,
            "text_content": "8.8k",
            "id": 43,
            "class": "Text",
            "width": 18,
            "position": {
                "row_max": 602,
                "column_max": 181,
                "column_min": 163,
                "row_min": 590
            }
        },
        {
            "height": 18,
            "text_content": "Stuff They Don't Want You To Know",
            "id": 44,
            "class": "Text",
            "width": 251,
            "position": {
                "row_max": 657,
                "column_max": 345,
                "column_min": 94,
                "row_min": 639
            }
        },
        {
            "height": 12,
            "text_content": "+ 1.1k",
            "id": 45,
            "class": "Text",
            "width": 26,
            "position": {
                "row_max": 679,
                "column_max": 130,
                "column_min": 104,
                "row_min": 667
            }
        },
        {
            "height": 12,
            "text_content": "5.4k",
            "id": 46,
            "class": "Text",
            "width": 18,
            "position": {
                "row_max": 679,
                "column_max": 184,
                "column_min": 166,
                "row_min": 667
            }
        }
    ],
    "img_shape": [
        800,
        450,
        3
    ]
}