{
    "compos": [
        {
            "column_min": 20,
            "row_max": 44,
            "id": 1,
            "column_max": 49,
            "width": 29,
            "height": 21,
            "class": "Compo",
            "row_min": 23
        },
        {
            "column_min": 95,
            "row_max": 45,
            "id": 2,
            "column_max": 126,
            "width": 31,
            "height": 22,
            "class": "Compo",
            "row_min": 23
        },
        {
            "column_min": 398,
            "row_max": 45,
            "id": 3,
            "column_max": 422,
            "width": 24,
            "height": 23,
            "class": "Compo",
            "row_min": 22
        },
        {
            "column_min": 452,
            "row_max": 45,
            "id": 4,
            "column_max": 487,
            "width": 35,
            "height": 22,
            "class": "Compo",
            "row_min": 23
        },
        {
            "column_min": 346,
            "row_max": 38,
            "id": 5,
            "column_max": 360,
            "width": 14,
            "height": 8,
            "class": "Compo",
            "row_min": 30
        },
        {
            "column_min": 0,
            "row_max": 282,
            "id": 6,
            "column_max": 498,
            "width": 498,
            "height": 215,
            "class": "Compo",
            "row_min": 67
        },
        {
            "column_min": 135,
            "row_max": 327,
            "id": 7,
            "column_max": 228,
            "width": 93,
            "height": 22,
            "class": "Compo",
            "row_min": 305
        },
        {
            "column_min": 233,
            "row_max": 327,
            "id": 8,
            "column_max": 293,
            "width": 60,
            "height": 22,
            "class": "Compo",
            "row_min": 305
        },
        {
            "column_min": 17,
            "row_max": 407,
            "id": 9,
            "column_max": 117,
            "width": 100,
            "height": 101,
            "class": "Compo",
            "row_min": 306
        },
        {
            "column_min": 298,
            "row_max": 333,
            "id": 10,
            "column_max": 365,
            "width": 67,
            "height": 25,
            "class": "Compo",
            "row_min": 308
        },
        {
            "column_min": 368,
            "row_max": 327,
            "id": 11,
            "column_max": 416,
            "width": 48,
            "height": 17,
            "class": "Compo",
            "row_min": 310
        },
        {
            "column_min": 133,
            "row_max": 357,
            "id": 12,
            "column_max": 265,
            "width": 132,
            "height": 23,
            "class": "Compo",
            "row_min": 334
        },
        {
            "column_min": 269,
            "row_max": 354,
            "id": 13,
            "column_max": 376,
            "width": 107,
            "height": 20,
            "class": "Compo",
            "row_min": 334
        },
        {
            "column_min": 134,
            "row_max": 385,
            "id": 14,
            "column_max": 173,
            "width": 39,
            "height": 20,
            "class": "Compo",
            "row_min": 365
        },
        {
            "column_min": 177,
            "row_max": 385,
            "id": 15,
            "column_max": 269,
            "width": 92,
            "height": 21,
            "class": "Compo",
            "row_min": 364
        },
        {
            "column_min": 295,
            "row_max": 380,
            "id": 16,
            "column_max": 332,
            "width": 37,
            "height": 16,
            "class": "Compo",
            "row_min": 364
        },
        {
            "column_min": 334,
            "row_max": 381,
            "id": 17,
            "column_max": 390,
            "width": 56,
            "height": 17,
            "class": "Compo",
            "row_min": 364
        },
        {
            "column_min": 402,
            "row_max": 380,
            "id": 18,
            "column_max": 436,
            "width": 34,
            "height": 16,
            "class": "Compo",
            "row_min": 364
        },
        {
            "column_min": 273,
            "row_max": 385,
            "id": 19,
            "column_max": 276,
            "width": 3,
            "height": 21,
            "class": "Compo",
            "row_min": 364
        },
        {
            "column_min": 281,
            "row_max": 380,
            "id": 20,
            "column_max": 291,
            "width": 10,
            "height": 14,
            "class": "Compo",
            "row_min": 366
        },
        {
            "column_min": 394,
            "row_max": 382,
            "id": 21,
            "column_max": 397,
            "width": 3,
            "height": 16,
            "class": "Compo",
            "row_min": 366
        },
        {
            "column_min": 16,
            "row_max": 547,
            "id": 22,
            "column_max": 117,
            "width": 101,
            "height": 103,
            "class": "Compo",
            "row_min": 444
        },
        {
            "column_min": 132,
            "row_max": 490,
            "id": 23,
            "column_max": 238,
            "width": 106,
            "height": 44,
            "class": "Compo",
            "row_min": 446
        },
        {
            "column_min": 240,
            "row_max": 469,
            "id": 24,
            "column_max": 346,
            "width": 106,
            "height": 23,
            "class": "Compo",
            "row_min": 446
        },
        {
            "column_min": 351,
            "row_max": 468,
            "id": 25,
            "column_max": 367,
            "width": 16,
            "height": 22,
            "class": "Compo",
            "row_min": 446
        },
        {
            "column_min": 372,
            "row_max": 465,
            "id": 26,
            "column_max": 385,
            "width": 13,
            "height": 15,
            "class": "Compo",
            "row_min": 450
        },
        {
            "column_min": 354,
            "row_max": 490,
            "id": 27,
            "column_max": 371,
            "width": 17,
            "height": 21,
            "class": "Compo",
            "row_min": 469
        },
        {
            "column_min": 243,
            "row_max": 494,
            "id": 28,
            "column_max": 348,
            "width": 105,
            "height": 23,
            "class": "Compo",
            "row_min": 471
        },
        {
            "column_min": 376,
            "row_max": 490,
            "id": 29,
            "column_max": 419,
            "width": 43,
            "height": 15,
            "class": "Compo",
            "row_min": 475
        },
        {
            "column_min": 133,
            "row_max": 520,
            "id": 30,
            "column_max": 203,
            "width": 70,
            "height": 23,
            "class": "Compo",
            "row_min": 497
        },
        {
            "column_min": 134,
            "row_max": 546,
            "id": 31,
            "column_max": 160,
            "width": 26,
            "height": 19,
            "class": "Compo",
            "row_min": 527
        },
        {
            "column_min": 164,
            "row_max": 547,
            "id": 32,
            "column_max": 232,
            "width": 68,
            "height": 20,
            "class": "Compo",
            "row_min": 527
        },
        {
            "column_min": 236,
            "row_max": 545,
            "id": 33,
            "column_max": 240,
            "width": 4,
            "height": 17,
            "class": "Compo",
            "row_min": 528
        },
        {
            "column_min": 244,
            "row_max": 545,
            "id": 34,
            "column_max": 254,
            "width": 10,
            "height": 19,
            "class": "Compo",
            "row_min": 526
        },
        {
            "column_min": 258,
            "row_max": 544,
            "id": 35,
            "column_max": 353,
            "width": 95,
            "height": 18,
            "class": "Compo",
            "row_min": 526
        },
        {
            "column_min": 357,
            "row_max": 546,
            "id": 36,
            "column_max": 361,
            "width": 4,
            "height": 19,
            "class": "Compo",
            "row_min": 527
        },
        {
            "column_min": 364,
            "row_max": 543,
            "id": 37,
            "column_max": 384,
            "width": 20,
            "height": 16,
            "class": "Compo",
            "row_min": 527
        },
        {
            "column_min": 295,
            "row_max": 602,
            "id": 38,
            "column_max": 324,
            "width": 29,
            "height": 22,
            "class": "Compo",
            "row_min": 580
        },
        {
            "column_min": 16,
            "row_max": 681,
            "id": 39,
            "column_max": 117,
            "width": 101,
            "height": 100,
            "class": "Compo",
            "row_min": 581
        },
        {
            "column_min": 132,
            "row_max": 604,
            "id": 40,
            "column_max": 171,
            "width": 39,
            "height": 21,
            "class": "Compo",
            "row_min": 583
        },
        {
            "column_min": 177,
            "row_max": 605,
            "id": 41,
            "column_max": 219,
            "width": 42,
            "height": 24,
            "class": "Compo",
            "row_min": 581
        },
        {
            "column_min": 221,
            "row_max": 608,
            "id": 42,
            "column_max": 291,
            "width": 70,
            "height": 21,
            "class": "Compo",
            "row_min": 587
        },
        {
            "column_min": 328,
            "row_max": 607,
            "id": 43,
            "column_max": 372,
            "width": 44,
            "height": 20,
            "class": "Compo",
            "row_min": 587
        },
        {
            "column_min": 132,
            "row_max": 632,
            "id": 44,
            "column_max": 228,
            "width": 96,
            "height": 24,
            "class": "Compo",
            "row_min": 608
        },
        {
            "column_min": 230,
            "row_max": 629,
            "id": 45,
            "column_max": 279,
            "width": 49,
            "height": 20,
            "class": "Compo",
            "row_min": 609
        },
        {
            "column_min": 280,
            "row_max": 628,
            "id": 46,
            "column_max": 310,
            "width": 30,
            "height": 20,
            "class": "Compo",
            "row_min": 608
        },
        {
            "column_min": 133,
            "row_max": 659,
            "id": 47,
            "column_max": 189,
            "width": 56,
            "height": 21,
            "class": "Compo",
            "row_min": 638
        },
        {
            "column_min": 220,
            "row_max": 659,
            "id": 48,
            "column_max": 232,
            "width": 12,
            "height": 23,
            "class": "Compo",
            "row_min": 636
        },
        {
            "column_min": 244,
            "row_max": 657,
            "id": 49,
            "column_max": 253,
            "width": 9,
            "height": 18,
            "class": "Compo",
            "row_min": 639
        },
        {
            "column_min": 257,
            "row_max": 656,
            "id": 50,
            "column_max": 352,
            "width": 95,
            "height": 18,
            "class": "Compo",
            "row_min": 638
        },
        {
            "column_min": 193,
            "row_max": 658,
            "id": 51,
            "column_max": 218,
            "width": 25,
            "height": 18,
            "class": "Compo",
            "row_min": 640
        },
        {
            "column_min": 235,
            "row_max": 657,
            "id": 52,
            "column_max": 239,
            "width": 4,
            "height": 16,
            "class": "Compo",
            "row_min": 641
        },
        {
            "column_min": 363,
            "row_max": 655,
            "id": 53,
            "column_max": 383,
            "width": 20,
            "height": 14,
            "class": "Compo",
            "row_min": 641
        },
        {
            "column_min": 17,
            "row_max": 799,
            "id": 54,
            "column_max": 116,
            "width": 99,
            "height": 80,
            "class": "Compo",
            "row_min": 719
        },
        {
            "column_min": 132,
            "row_max": 768,
            "id": 55,
            "column_max": 307,
            "width": 175,
            "height": 49,
            "class": "Compo",
            "row_min": 719
        },
        {
            "column_min": 307,
            "row_max": 770,
            "id": 56,
            "column_max": 423,
            "width": 116,
            "height": 50,
            "class": "Compo",
            "row_min": 720
        },
        {
            "column_min": 135,
            "row_max": 793,
            "id": 57,
            "column_max": 200,
            "width": 65,
            "height": 15,
            "class": "Compo",
            "row_min": 778
        },
        {
            "column_min": 205,
            "row_max": 793,
            "id": 58,
            "column_max": 228,
            "width": 23,
            "height": 15,
            "class": "Compo",
            "row_min": 778
        },
        {
            "column_min": 232,
            "row_max": 795,
            "id": 59,
            "column_max": 236,
            "width": 4,
            "height": 16,
            "class": "Compo",
            "row_min": 779
        },
        {
            "column_min": 241,
            "row_max": 793,
            "id": 60,
            "column_max": 250,
            "width": 9,
            "height": 15,
            "class": "Compo",
            "row_min": 778
        },
        {
            "column_min": 254,
            "row_max": 793,
            "id": 61,
            "column_max": 349,
            "width": 95,
            "height": 15,
            "class": "Compo",
            "row_min": 778
        },
        {
            "column_min": 353,
            "row_max": 795,
            "id": 62,
            "column_max": 357,
            "width": 4,
            "height": 16,
            "class": "Compo",
            "row_min": 779
        },
        {
            "column_min": 361,
            "row_max": 793,
            "id": 63,
            "column_max": 380,
            "width": 19,
            "height": 15,
            "class": "Compo",
            "row_min": 778
        }
    ],
    "img_shape": [
        800,
        499,
        3
    ]
}