{
    "compos": [
        {
            "height": 18,
            "row_max": 22,
            "column_min": 63,
            "id": 1,
            "width": 16,
            "class": "Compo",
            "column_max": 79,
            "row_min": 4
        },
        {
            "height": 19,
            "row_max": 23,
            "column_min": 140,
            "id": 2,
            "width": 19,
            "class": "Compo",
            "column_max": 159,
            "row_min": 4
        },
        {
            "height": 16,
            "row_max": 21,
            "column_min": 170,
            "id": 3,
            "width": 12,
            "class": "Compo",
            "column_max": 182,
            "row_min": 5
        },
        {
            "height": 16,
            "row_max": 20,
            "column_min": 196,
            "id": 4,
            "width": 13,
            "class": "Compo",
            "column_max": 209,
            "row_min": 4
        },
        {
            "height": 17,
            "row_max": 21,
            "column_min": 323,
            "id": 5,
            "width": 11,
            "class": "Compo",
            "column_max": 334,
            "row_min": 4
        },
        {
            "height": 17,
            "row_max": 22,
            "column_min": 341,
            "id": 6,
            "width": 21,
            "class": "Compo",
            "column_max": 362,
            "row_min": 5
        },
        {
            "height": 17,
            "row_max": 21,
            "column_min": 367,
            "id": 7,
            "width": 15,
            "class": "Compo",
            "column_max": 382,
            "row_min": 4
        },
        {
            "height": 17,
            "row_max": 22,
            "column_min": 390,
            "id": 8,
            "width": 12,
            "class": "Compo",
            "column_max": 402,
            "row_min": 5
        },
        {
            "height": 17,
            "row_max": 23,
            "column_min": 11,
            "id": 9,
            "width": 16,
            "class": "Compo",
            "column_max": 27,
            "row_min": 6
        },
        {
            "height": 17,
            "row_max": 23,
            "column_min": 38,
            "id": 10,
            "width": 14,
            "class": "Compo",
            "column_max": 52,
            "row_min": 6
        },
        {
            "height": 15,
            "row_max": 21,
            "column_min": 90,
            "id": 11,
            "width": 16,
            "class": "Compo",
            "column_max": 106,
            "row_min": 6
        },
        {
            "height": 14,
            "row_max": 20,
            "column_min": 117,
            "id": 12,
            "width": 14,
            "class": "Compo",
            "column_max": 131,
            "row_min": 6
        },
        {
            "height": 12,
            "row_max": 20,
            "column_min": 410,
            "id": 13,
            "width": 12,
            "class": "Compo",
            "column_max": 422,
            "row_min": 8
        },
        {
            "height": 12,
            "row_max": 20,
            "column_min": 423,
            "id": 14,
            "width": 17,
            "class": "Compo",
            "column_max": 440,
            "row_min": 8
        },
        {
            "height": 39,
            "row_max": 73,
            "column_min": 10,
            "id": 15,
            "width": 369,
            "class": "Compo",
            "column_max": 379,
            "row_min": 34
        },
        {
            "height": 15,
            "row_max": 62,
            "column_min": 385,
            "id": 16,
            "width": 53,
            "class": "Compo",
            "column_max": 438,
            "row_min": 47
        },
        {
            "height": 62,
            "row_max": 153,
            "column_min": 21,
            "id": 17,
            "width": 67,
            "class": "Compo",
            "column_max": 88,
            "row_min": 91
        },
        {
            "height": 14,
            "row_max": 114,
            "column_min": 93,
            "id": 18,
            "width": 35,
            "class": "Compo",
            "column_max": 128,
            "row_min": 100
        },
        {
            "height": 14,
            "row_max": 114,
            "column_min": 216,
            "id": 19,
            "width": 39,
            "class": "Compo",
            "column_max": 255,
            "row_min": 100
        },
        {
            "height": 13,
            "row_max": 114,
            "column_min": 129,
            "id": 20,
            "width": 29,
            "class": "Compo",
            "column_max": 158,
            "row_min": 101
        },
        {
            "height": 13,
            "row_max": 114,
            "column_min": 160,
            "id": 21,
            "width": 52,
            "class": "Compo",
            "column_max": 212,
            "row_min": 101
        },
        {
            "height": 12,
            "row_max": 140,
            "column_min": 93,
            "id": 22,
            "width": 44,
            "class": "Compo",
            "column_max": 137,
            "row_min": 128
        },
        {
            "height": 12,
            "row_max": 140,
            "column_min": 156,
            "id": 23,
            "width": 9,
            "class": "Compo",
            "column_max": 165,
            "row_min": 128
        },
        {
            "height": 10,
            "row_max": 140,
            "column_min": 170,
            "id": 24,
            "width": 32,
            "class": "Compo",
            "column_max": 202,
            "row_min": 130
        },
        {
            "height": 66,
            "row_max": 230,
            "column_min": 21,
            "id": 25,
            "width": 67,
            "class": "Compo",
            "column_max": 88,
            "row_min": 164
        },
        {
            "height": 15,
            "row_max": 193,
            "column_min": 92,
            "id": 26,
            "width": 37,
            "class": "Compo",
            "column_max": 129,
            "row_min": 178
        },
        {
            "height": 15,
            "row_max": 193,
            "column_min": 130,
            "id": 27,
            "width": 27,
            "class": "Compo",
            "column_max": 157,
            "row_min": 178
        },
        {
            "height": 15,
            "row_max": 193,
            "column_min": 162,
            "id": 28,
            "width": 50,
            "class": "Compo",
            "column_max": 212,
            "row_min": 178
        },
        {
            "height": 14,
            "row_max": 193,
            "column_min": 216,
            "id": 29,
            "width": 13,
            "class": "Compo",
            "column_max": 229,
            "row_min": 179
        },
        {
            "height": 19,
            "row_max": 197,
            "column_min": 233,
            "id": 30,
            "width": 51,
            "class": "Compo",
            "column_max": 284,
            "row_min": 178
        },
        {
            "height": 15,
            "row_max": 193,
            "column_min": 286,
            "id": 31,
            "width": 40,
            "class": "Compo",
            "column_max": 326,
            "row_min": 178
        },
        {
            "height": 12,
            "row_max": 217,
            "column_min": 93,
            "id": 32,
            "width": 16,
            "class": "Compo",
            "column_max": 109,
            "row_min": 205
        },
        {
            "height": 12,
            "row_max": 217,
            "column_min": 156,
            "id": 33,
            "width": 9,
            "class": "Compo",
            "column_max": 165,
            "row_min": 205
        },
        {
            "height": 10,
            "row_max": 217,
            "column_min": 112,
            "id": 34,
            "width": 27,
            "class": "Compo",
            "column_max": 139,
            "row_min": 207
        },
        {
            "height": 10,
            "row_max": 217,
            "column_min": 170,
            "id": 35,
            "width": 32,
            "class": "Compo",
            "column_max": 202,
            "row_min": 207
        },
        {
            "height": 66,
            "row_max": 307,
            "column_min": 21,
            "id": 36,
            "width": 67,
            "class": "Compo",
            "column_max": 88,
            "row_min": 241
        },
        {
            "height": 16,
            "row_max": 270,
            "column_min": 92,
            "id": 37,
            "width": 35,
            "class": "Compo",
            "column_max": 127,
            "row_min": 254
        },
        {
            "height": 16,
            "row_max": 270,
            "column_min": 153,
            "id": 38,
            "width": 35,
            "class": "Compo",
            "column_max": 188,
            "row_min": 254
        },
        {
            "height": 15,
            "row_max": 269,
            "column_min": 229,
            "id": 39,
            "width": 17,
            "class": "Compo",
            "column_max": 246,
            "row_min": 254
        },
        {
            "height": 16,
            "row_max": 270,
            "column_min": 247,
            "id": 40,
            "width": 19,
            "class": "Compo",
            "column_max": 266,
            "row_min": 254
        },
        {
            "height": 13,
            "row_max": 269,
            "column_min": 130,
            "id": 41,
            "width": 9,
            "class": "Compo",
            "column_max": 139,
            "row_min": 256
        },
        {
            "height": 12,
            "row_max": 270,
            "column_min": 139,
            "id": 42,
            "width": 10,
            "class": "Compo",
            "column_max": 149,
            "row_min": 258
        },
        {
            "height": 14,
            "row_max": 270,
            "column_min": 190,
            "id": 43,
            "width": 36,
            "class": "Compo",
            "column_max": 226,
            "row_min": 256
        },
        {
            "height": 15,
            "row_max": 297,
            "column_min": 93,
            "id": 44,
            "width": 16,
            "class": "Compo",
            "column_max": 109,
            "row_min": 282
        },
        {
            "height": 9,
            "row_max": 293,
            "column_min": 111,
            "id": 45,
            "width": 25,
            "class": "Compo",
            "column_max": 136,
            "row_min": 284
        },
        {
            "height": 14,
            "row_max": 296,
            "column_min": 156,
            "id": 46,
            "width": 10,
            "class": "Compo",
            "column_max": 166,
            "row_min": 282
        },
        {
            "height": 9,
            "row_max": 293,
            "column_min": 170,
            "id": 47,
            "width": 31,
            "class": "Compo",
            "column_max": 201,
            "row_min": 284
        },
        {
            "height": 69,
            "row_max": 387,
            "column_min": 20,
            "id": 48,
            "width": 69,
            "class": "Compo",
            "column_max": 89,
            "row_min": 318
        },
        {
            "height": 18,
            "row_max": 349,
            "column_min": 92,
            "id": 49,
            "width": 74,
            "class": "Compo",
            "column_max": 166,
            "row_min": 331
        },
        {
            "height": 13,
            "row_max": 347,
            "column_min": 169,
            "id": 50,
            "width": 40,
            "class": "Compo",
            "column_max": 209,
            "row_min": 334
        },
        {
            "height": 13,
            "row_max": 347,
            "column_min": 210,
            "id": 51,
            "width": 39,
            "class": "Compo",
            "column_max": 249,
            "row_min": 334
        },
        {
            "height": 13,
            "row_max": 347,
            "column_min": 252,
            "id": 52,
            "width": 27,
            "class": "Compo",
            "column_max": 279,
            "row_min": 334
        },
        {
            "height": 13,
            "row_max": 347,
            "column_min": 283,
            "id": 53,
            "width": 19,
            "class": "Compo",
            "column_max": 302,
            "row_min": 334
        },
        {
            "height": 13,
            "row_max": 347,
            "column_min": 306,
            "id": 54,
            "width": 40,
            "class": "Compo",
            "column_max": 346,
            "row_min": 334
        },
        {
            "height": 16,
            "row_max": 347,
            "column_min": 349,
            "id": 55,
            "width": 42,
            "class": "Compo",
            "column_max": 391,
            "row_min": 331
        },
        {
            "height": 12,
            "row_max": 372,
            "column_min": 93,
            "id": 56,
            "width": 15,
            "class": "Compo",
            "column_max": 108,
            "row_min": 360
        },
        {
            "height": 13,
            "row_max": 372,
            "column_min": 150,
            "id": 57,
            "width": 12,
            "class": "Compo",
            "column_max": 162,
            "row_min": 359
        },
        {
            "height": 9,
            "row_max": 370,
            "column_min": 110,
            "id": 58,
            "width": 22,
            "class": "Compo",
            "column_max": 132,
            "row_min": 361
        },
        {
            "height": 9,
            "row_max": 370,
            "column_min": 165,
            "id": 59,
            "width": 25,
            "class": "Compo",
            "column_max": 190,
            "row_min": 361
        },
        {
            "height": 68,
            "row_max": 462,
            "column_min": 20,
            "id": 60,
            "width": 68,
            "class": "Compo",
            "column_max": 88,
            "row_min": 394
        },
        {
            "height": 13,
            "row_max": 423,
            "column_min": 93,
            "id": 61,
            "width": 36,
            "class": "Compo",
            "column_max": 129,
            "row_min": 410
        },
        {
            "height": 13,
            "row_max": 423,
            "column_min": 218,
            "id": 62,
            "width": 31,
            "class": "Compo",
            "column_max": 249,
            "row_min": 410
        },
        {
            "height": 12,
            "row_max": 423,
            "column_min": 130,
            "id": 63,
            "width": 38,
            "class": "Compo",
            "column_max": 168,
            "row_min": 411
        },
        {
            "height": 12,
            "row_max": 423,
            "column_min": 173,
            "id": 64,
            "width": 41,
            "class": "Compo",
            "column_max": 214,
            "row_min": 411
        },
        {
            "height": 12,
            "row_max": 423,
            "column_min": 253,
            "id": 65,
            "width": 26,
            "class": "Compo",
            "column_max": 279,
            "row_min": 411
        },
        {
            "height": 13,
            "row_max": 450,
            "column_min": 93,
            "id": 66,
            "width": 14,
            "class": "Compo",
            "column_max": 107,
            "row_min": 437
        },
        {
            "height": 9,
            "row_max": 447,
            "column_min": 110,
            "id": 67,
            "width": 21,
            "class": "Compo",
            "column_max": 131,
            "row_min": 438
        },
        {
            "height": 12,
            "row_max": 449,
            "column_min": 150,
            "id": 68,
            "width": 11,
            "class": "Compo",
            "column_max": 161,
            "row_min": 437
        },
        {
            "height": 9,
            "row_max": 447,
            "column_min": 164,
            "id": 69,
            "width": 27,
            "class": "Compo",
            "column_max": 191,
            "row_min": 438
        },
        {
            "height": 69,
            "row_max": 540,
            "column_min": 20,
            "id": 70,
            "width": 68,
            "class": "Compo",
            "column_max": 88,
            "row_min": 471
        },
        {
            "height": 13,
            "row_max": 500,
            "column_min": 92,
            "id": 71,
            "width": 27,
            "class": "Compo",
            "column_max": 119,
            "row_min": 487
        },
        {
            "height": 16,
            "row_max": 503,
            "column_min": 124,
            "id": 72,
            "width": 45,
            "class": "Compo",
            "column_max": 169,
            "row_min": 487
        },
        {
            "height": 13,
            "row_max": 500,
            "column_min": 173,
            "id": 73,
            "width": 36,
            "class": "Compo",
            "column_max": 209,
            "row_min": 487
        },
        {
            "height": 13,
            "row_max": 500,
            "column_min": 212,
            "id": 74,
            "width": 57,
            "class": "Compo",
            "column_max": 269,
            "row_min": 487
        },
        {
            "height": 13,
            "row_max": 527,
            "column_min": 93,
            "id": 75,
            "width": 15,
            "class": "Compo",
            "column_max": 108,
            "row_min": 514
        },
        {
            "height": 13,
            "row_max": 527,
            "column_min": 147,
            "id": 76,
            "width": 11,
            "class": "Compo",
            "column_max": 158,
            "row_min": 514
        },
        {
            "height": 11,
            "row_max": 525,
            "column_min": 162,
            "id": 77,
            "width": 32,
            "class": "Compo",
            "column_max": 194,
            "row_min": 514
        },
        {
            "height": 11,
            "row_max": 527,
            "column_min": 111,
            "id": 78,
            "width": 18,
            "class": "Compo",
            "column_max": 129,
            "row_min": 516
        },
        {
            "height": 67,
            "row_max": 616,
            "column_min": 20,
            "id": 79,
            "width": 68,
            "class": "Compo",
            "column_max": 88,
            "row_min": 549
        },
        {
            "height": 14,
            "row_max": 577,
            "column_min": 93,
            "id": 80,
            "width": 57,
            "class": "Compo",
            "column_max": 150,
            "row_min": 563
        },
        {
            "height": 14,
            "row_max": 577,
            "column_min": 153,
            "id": 81,
            "width": 35,
            "class": "Compo",
            "column_max": 188,
            "row_min": 563
        },
        {
            "height": 13,
            "row_max": 577,
            "column_min": 190,
            "id": 82,
            "width": 28,
            "class": "Compo",
            "column_max": 218,
            "row_min": 564
        },
        {
            "height": 14,
            "row_max": 577,
            "column_min": 222,
            "id": 83,
            "width": 50,
            "class": "Compo",
            "column_max": 272,
            "row_min": 563
        },
        {
            "height": 13,
            "row_max": 577,
            "column_min": 277,
            "id": 84,
            "width": 39,
            "class": "Compo",
            "column_max": 316,
            "row_min": 564
        },
        {
            "height": 12,
            "row_max": 603,
            "column_min": 93,
            "id": 85,
            "width": 14,
            "class": "Compo",
            "column_max": 107,
            "row_min": 591
        },
        {
            "height": 10,
            "row_max": 603,
            "column_min": 110,
            "id": 86,
            "width": 19,
            "class": "Compo",
            "column_max": 129,
            "row_min": 593
        },
        {
            "height": 12,
            "row_max": 603,
            "column_min": 147,
            "id": 87,
            "width": 11,
            "class": "Compo",
            "column_max": 158,
            "row_min": 591
        },
        {
            "height": 12,
            "row_max": 603,
            "column_min": 162,
            "id": 88,
            "width": 20,
            "class": "Compo",
            "column_max": 182,
            "row_min": 591
        },
        {
            "height": 67,
            "row_max": 693,
            "column_min": 20,
            "id": 89,
            "width": 68,
            "class": "Compo",
            "column_max": 88,
            "row_min": 626
        },
        {
            "height": 16,
            "row_max": 657,
            "column_min": 92,
            "id": 90,
            "width": 36,
            "class": "Compo",
            "column_max": 128,
            "row_min": 641
        },
        {
            "height": 17,
            "row_max": 658,
            "column_min": 130,
            "id": 91,
            "width": 34,
            "class": "Compo",
            "column_max": 164,
            "row_min": 641
        },
        {
            "height": 14,
            "row_max": 655,
            "column_min": 169,
            "id": 92,
            "width": 39,
            "class": "Compo",
            "column_max": 208,
            "row_min": 641
        },
        {
            "height": 14,
            "row_max": 655,
            "column_min": 210,
            "id": 93,
            "width": 39,
            "class": "Compo",
            "column_max": 249,
            "row_min": 641
        },
        {
            "height": 13,
            "row_max": 654,
            "column_min": 250,
            "id": 94,
            "width": 11,
            "class": "Compo",
            "column_max": 261,
            "row_min": 641
        },
        {
            "height": 11,
            "row_max": 655,
            "column_min": 261,
            "id": 95,
            "width": 18,
            "class": "Compo",
            "column_max": 279,
            "row_min": 644
        },
        {
            "height": 14,
            "row_max": 656,
            "column_min": 283,
            "id": 96,
            "width": 18,
            "class": "Compo",
            "column_max": 301,
            "row_min": 642
        },
        {
            "height": 16,
            "row_max": 657,
            "column_min": 306,
            "id": 97,
            "width": 40,
            "class": "Compo",
            "column_max": 346,
            "row_min": 641
        },
        {
            "height": 11,
            "row_max": 680,
            "column_min": 93,
            "id": 98,
            "width": 15,
            "class": "Compo",
            "column_max": 108,
            "row_min": 669
        },
        {
            "height": 12,
            "row_max": 680,
            "column_min": 150,
            "id": 99,
            "width": 11,
            "class": "Compo",
            "column_max": 161,
            "row_min": 668
        },
        {
            "height": 10,
            "row_max": 680,
            "column_min": 164,
            "id": 100,
            "width": 20,
            "class": "Compo",
            "column_max": 184,
            "row_min": 670
        },
        {
            "height": 10,
            "row_max": 680,
            "column_min": 120,
            "id": 101,
            "width": 11,
            "class": "Compo",
            "column_max": 131,
            "row_min": 670
        },
        {
            "height": 16,
            "row_max": 720,
            "column_min": 21,
            "id": 102,
            "width": 66,
            "class": "Compo",
            "column_max": 87,
            "row_min": 704
        },
        {
            "height": 23,
            "row_max": 786,
            "column_min": 88,
            "id": 103,
            "width": 20,
            "class": "Compo",
            "column_max": 108,
            "row_min": 763
        },
        {
            "height": 21,
            "row_max": 784,
            "column_min": 214,
            "id": 104,
            "width": 21,
            "class": "Compo",
            "column_max": 235,
            "row_min": 763
        },
        {
            "height": 20,
            "row_max": 783,
            "column_min": 341,
            "id": 105,
            "width": 20,
            "class": "Compo",
            "column_max": 361,
            "row_min": 763
        }
    ],
    "img_shape": [
        800,
        450,
        3
    ]
}